Transportadora,Localidade,Sigla do Ponto,Ponto Zona (sigla),Fluxo,Município,UF,Vazão Mensurável Mínima (Mm³/d),Vazão Mensurável Máxima (Mm³/d),Pressão de Recebimento Mínima (Kgf/cm2),Pressão de Recebimento Máxima (Kgf/cm2),Capacidade Técnica do Ponto (Mil m³/dia),Capacidade Comercial da Zona (Mil m³/dia),Capacidade Disponível da Zona (Mil m³/dia),Capacidade Contratada da Zona (Mil m³/dia),Tarifa Referência (R$/MMBtu)
NTS,GNL BG,GNL,GNL,Entrada,Duque de Caxias,RJ,1500.0,30000.0,58.0,100.0,30000.0,30000.0,15000.0,15000.0,5.5358
NTS,Guararema,GUA,GUA,Entrada,Guararema,SP,1500.0,15000.0,45.0,65.0,15000.0,7000.0,3000.0,4000.0,0.5317
NTS,PTR Caraguatatuba,GCA,CAR,Entrada,Caraguatatuba,SP,7500.0,20000.0,70.0,100.0,20000.0,3113.0,3111.0,2.0,6.1826
NTS,PTR ITABORAÍ,ITA,ITA,Entrada,ITABORAÍ,RJ,2000.0,18200.0,60.0,100.0,18200.0,18200.0,17099.0,1101.0,5.6805
NTS,PTR REPLAN - Interconexão,RPL,RPL,Entrada,Paulínia,SP,500.0,15000.0,55.0,100.0,15000.0,15000.0,14989.94,10.06,0.5715
NTS,Paulínia,PAUL,PLN,Entrada,Paulínia,SP,50.0,5000.0,65.0,100.0,1250000.0,1137.0,972.45,164.55,0.5715
NTS,Capuava,CAPU,SP3,Saída,Mauá,SP,1300.0,6000.0,15.8,18.4,6000.0,8637.0,2422.93,6214.07,3.3356
NTS,Cubatão II,CUBII,SP4,Saída,Cubatão,SP,300.0,1500.0,17.0,25.0,1500.0,3810.0,710.58,3099.42,3.3356
NTS,LORENA,LORENA,SP1,Saída,Lorena,SP,35.0,160.0,15.8,18.4,105.0,1308.0,496.65,811.35,3.3356
NTS,PINDAMONHANGABA II,PINDAM,SP1,Saída,Pindamonhangaba,SP,200.0,1500.0,15.8,18.4,1095.0,1308.0,496.65,811.35,3.3356
NTS,PTE  VOLTA REDONDA,VRE,RJ3,Saída,Volta Redonda,RJ,400.0,1800.0,14.5,17.0,1800.0,2173.0,999.01,1173.99,2.8166
NTS,PTE BARBACENA,BAR,MG2,Saída,BARBACENA,MG,29.0,240.0,33.0,38.0,240.0,1717.0,341.8,1375.2,3.5503
NTS,PTE BARRA MANSA II,MAN,RJ3,Saída,Barra Mansa,RJ,200.0,450.0,28.0,34.0,450.0,2173.0,999.01,1173.99,2.8166
NTS,PTE BETIM II,BETII,MG3,Saída,Betim,MG,250.0,2500.0,33.0,38.0,2500.0,3128.0,180.81,2947.19,3.5503
NTS,PTE BRAGANÇA PAULISTA,BRA,SP1,Saída,Bragança Paulista,SP,22.0,450.0,31.5,36.8,450.0,1308.0,496.65,811.35,3.3356
NTS,PTE BRUMADINHO,BRU,MG3,Saída,Brumadinho,MG,70.0,700.0,33.0,38.0,700.0,3128.0,180.81,2947.19,3.5503
NTS,PTE CAÇAPAVA,CAÇ,SP1,Saída,Caçapava,SP,200.0,1000.0,15.8,18.4,1000.0,1308.0,496.65,811.35,3.3356
NTS,PTE CIDADE DO AÇO,AÇO,RJ3,Saída,Volta Redonda,RJ,80.0,400.0,31.5,36.8,400.0,2173.0,999.01,1173.99,2.8166
NTS,PTE CRUZEIRO,CRU,SP1,Saída,SP/Silveiras,SP,11.0,50.0,15.8,18.4,50.0,1308.0,496.65,811.35,3.3356
NTS,PTE DUQUE DE CAXIAS,DQC,RJ1,Saída,Duque de Caxias,RJ,300.0,1500.0,31.5,36.8,1500.0,10018.0,2195.45,7822.55,2.8166
NTS,PTE GUAPIMIRIM,GUA,RJ1,Saída,GUAPIMIRIM,RJ,240.0,1000.0,38.0,43.0,1000.0,10018.0,2195.45,7822.55,2.8166
NTS,PTE GUARATINGUETÁ,GRT,SP1,Saída,Lorena,SP,170.0,1500.0,31.5,36.8,1500.0,1308.0,496.65,811.35,3.3356
NTS,PTE JACUTINGA,JAC,MG4,Saída,Jacutinga,MG,50.0,1250.0,33.0,38.0,1250.0,1179.0,1023.4,155.6,3.5503
NTS,PTE JAPERI I,JAPI,RJ2,Saída,Japeri,RJ,540.0,4800.0,38.0,43.0,4800.0,6362.0,720.94,5641.06,2.8166
NTS,PTE JAPERI II,JAPII,RJ2,Saída,Japeri,RJ,520.0,5200.0,38.0,43.0,5200.0,6362.0,720.94,5641.06,2.8166
NTS,PTE JUIZ DE FORA,JFORA,MG1,Saída,Juiz de Fora,MS,140.0,650.0,33.0,38.0,650.0,683.0,223.33,459.67,3.5503
NTS,PTE PARACAMBI,PAR,RJ3,Saída,Paracambi,RJ,24.0,240.0,34.0,43.0,240.0,2173.0,999.01,1173.99,2.8166
NTS,PTE PIRAÍ,PIR,RJ3,Saída,Piraí,RJ,96.0,450.0,34.0,37.0,450.0,2173.0,999.01,1173.99,2.8166
NTS,PTE RECAP II,REPII,SP3,Saída,Mauá,SP,80.0,800.0,17.5,33.0,800.0,8637.0,2422.93,6214.07,3.3356
NTS,PTE REDUC,RED,RJ5,Saída,Duque de Caxias,RJ,500.0,5000.0,50.0,65.0,5000.0,2571.0,503.0,2068.0,2.8166
NTS,PTE REGAP,REG,MG3,Saída,Betim,MG,60.0,560.0,24.5,33.0,560.0,3128.0,180.81,2947.19,3.5503
NTS,PTE REGAP II,REGII,MG3,Saída,Betim,MG,380.0,1520.0,33.0,38.0,1520.0,3128.0,180.81,2947.19,3.5503
NTS,PTE RESENDE II,RESII,RJ4,Saída,Resende,RJ,100.0,1000.0,32.0,36.0,1000.0,431.0,151.0,280.0,2.8166
NTS,PTE RIO DAS FLORES,RIO,RJ5,Saída,RIO DAS FLORES,RJ,24.0,300.0,30.0,65.0,300.0,2571.0,503.0,2068.0,2.8166
NTS,PTE RPBC,RPBC,SP4,Saída,CUBATÃO,SP,440.0,4400.0,27.0,50.0,4400.0,3810.0,710.58,3099.42,3.3356
NTS,PTE SÃO BRÁS DO SUAÇUI II,SBS,MG2,Saída,SÃO BRÁS DO SUAÇUI,MG,290.0,2900.0,33.0,43.0,2900.0,1717.0,341.8,1375.2,3.5503
NTS,PTE TERMORIO I (UTE GLB),TERI,RJ1,Saída,Duque de Caxias,RJ,500.0,5400.0,38.0,44.0,5400.0,10018.0,2195.45,7822.55,2.8166
NTS,PTE TERMORIO II (CEG METROPOLITANO),TERII,RJ1,Saída,Duque de Caxias,RJ,500.0,5400.0,27.0,30.0,5400.0,10018.0,2195.45,7822.55,2.8166
NTS,PTE UTE BAIXADA FLUMINENSE,BAI,RJ2,Saída,Japeri,RJ,450.0,2900.0,38.0,43.0,2900.0,6362.0,720.94,5641.06,2.8166
NTS,PTE UTE Cubatão (UTE Euzébio Rocha),CUB,SP4,Saída,CUBATÃO,SP,300.0,1560.0,31.5,36.5,1560.0,3810.0,710.58,3099.42,3.3356
NTS,PTE UTE IBIRITÉ (UTE Aureliano Chaves),IBI,MG3,Saída,Betim,MG,300.0,3000.0,37.0,65.0,3000.0,3128.0,180.81,2947.19,3.5503
NTS,PTE UTE JUIZ DE FORA (IGREJINHA),JFIG,MG1,Saída,Juiz de Fora,RJ,60.0,600.0,31.5,38.0,600.0,683.0,223.33,459.67,3.5503
NTS,PTE UTE MÁRIO LAGO,MAR,RJ1,Saída,Macaé,RJ,525.0,5250.0,60.0,75.0,5250.0,10018.0,2195.45,7822.55,2.8166
NTS,PTE UTE NORTE FLUMINENSE,NOR,RJ1,Saída,Macaé,RJ,370.0,3750.0,43.0,50.0,3750.0,10018.0,2195.45,7822.55,2.8166
NTS,REVAP II,REVAPII,SP2,Saída,São José dos Campos,SP,400.0,3800.0,30.0,65.0,3800.0,3289.0,357.03,2931.97,3.3356
NTS,Suzano,SUZ,SP3,Saída,Suzano,SP,700.0,3500.0,15.8,18.4,3500.0,8637.0,2422.93,6214.07,3.3356
NTS,São Bernardo do Campo,SBC,SP3,Saída,São Bernardo do Campo,SP,230.0,2300.0,15.8,18.4,2300.0,8637.0,2422.93,6214.07,3.3356
NTS,São Bernardo do Campo II,SBCII,SP3,Saída,São Bernardo do Campo II,SP,500.0,3000.0,15.8,18.4,3000.0,8637.0,2422.93,6214.07,3.3356
NTS,São José dos Campos,SJC,SP2,Saída,São José dos Campos,SP,170.0,800.0,15.8,18.4,800.0,3289.0,357.03,2931.97,3.3356
NTS,TAUBATÉ,TAUB,SP2,Saída,TAUBATÉ,SP,40.0,140.0,15.8,18.4,140.0,3289.0,357.03,2931.97,3.3356
TAG,Atalaia I,Atalaia I,ATL,Entrada,Aracaju,SE,150.0,4600.0,22.0,100.0,4600.0,4600.0,4600.0,0.0,0.0
TAG,Atalaia II,Atalaia II,ATL,Entrada,Aracaju,SE,150.0,4600.0,22.0,100.0,4600.0,4600.0,4600.0,0.0,0.0
TAG,Cacimbas - ETC Cacimbas (UTGC),CACIMBAS,CAC,Entrada,Linhares,ES,500.0,20000.0,50.0,100.0,20000.0,19732.0,14320.0,5412.0,4.981729
TAG,EVF Manati,EVF Manati,MAN,Entrada,São Francisco do Conde,BA,1000.0,6000.0,34.0,38.0,6000.0,2464.0,650.0,1814.0,4.89635
TAG,GNL Passé,GNL SSP,SSP,Entrada,São Sebastião do Passé,BA,1400.0,14000.0,50.0,100.0,14000.0,10300.0,0.0,10300.0,4.872892
TAG,GNL Pecém,GNL Pecém,PEC,Entrada,Caucaia,CE,1000.0,7000.0,58.0,100.0,7000.0,3922.0,3922.0,0.0,5.422148
TAG,GNL TRBA,GNL TRBA,TRB,Entrada,São Francisco do Conde,BA,1000.0,6000.0,52.5,100.0,6000.0,5999.99,2999.99,3000.0,4.893771
TAG,Guamaré I,Guamaré I,GUA,Entrada,Guamaré,RN,100.0,7000.0,45.0,100.0,4000.0,6314.0,5896.0,418.0,5.229942
TAG,Marechal Deodoro,MD,MD,Entrada,Pilar,AL,300.0,2600.0,65.5,100.0,2600.0,1719.0,769.0,950.0,4.964435
TAG,Pojuca II,Pojuca II,POJ,Entrada,Pojuca,BA,320.0,3000.0,26.0,33.0,3000.0,1335.0,198.0,1137.0,4.870595
TAG,UPGN Candeias (SFC1),UPGN Cand,CAND,Entrada,São Francisco do Conde,BA,300.0,3000.0,23.0,37.0,3000.0,3000.0,3000.0,0.0,0.0
TAG,URUCU,URUCU,URUCU,Entrada,Coari,AM,3000.0,20000.0,50.0,100.0,7685.0,0.0,0.0,0.0,
TAG,UTGSUL,UTGSUL,UTG,Entrada,Anchieta,ES,200.0,2000.0,50.0,100.0,2000.0,963.0,963.0,0.0,5.02464
TAG,Anamã,Anamã,AM,Saída,Anamã,AM,1.5,15.0,34.0,50.0,15.0,0.0,0.0,0.0,
TAG,Anchieta,Anchieta,ES1,Saída,Anchieta,ES,120.0,1200.0,34.0,44.0,1200.0,-1481.0,-2516.91,1035.91,3.901999
TAG,Anori,Anori,AM,Saída,Anori,AM,1.5,15.0,34.0,50.0,15.0,0.0,0.0,0.0,
TAG,Aparecida,Aparecida,AM,Saída,Manaus,AM,150.0,2500.0,16.0,23.0,2500.0,0.0,0.0,0.0,
TAG,Aquiraz,Aquiraz,CE1,Saída,Aquiraz,CE,65.0,650.0,9.0,11.0,650.0,21.9,-466.6,488.5,4.381511
TAG,Aracaju,Aracaju,SE,Saída,Aracaju,SE,50.0,340.0,14.0,21.0,340.0,5697.0,4248.0,1449.0,3.904875
TAG,Aracati,Aracati,CE1,Saída,Aracati,CE,3.5,40.0,14.0,20.0,40.0,21.9,-466.6,488.5,4.381511
TAG,Aracruz,Aracruz,ES3,Saída,Aracruz,ES,35.0,350.0,14.0,20.0,350.0,-131.0,-377.0,246.0,3.901999
TAG,Aratu-Manati,Arat-Manat,BA5,Saída,Simões Filho,BA,100.0,1000.0,20.0,30.0,1000.0,494.8,156.8,338.0,3.832738
TAG,Aratu-Residual,Arat-Resid,BA5,Saída,Simões Filho,BA,100.0,1000.0,20.0,30.0,1000.0,494.8,156.8,338.0,3.832738
TAG,Araçás,Araçás,BA2,Saída,Araçás,BA,3.0,30.0,30.0,39.0,30.0,112.8,70.8,42.0,3.832738
TAG,Barra do Riacho,BdoRiacho,ES3,Saída,Aracruz,ES,30.0,150.0,24.0,33.0,150.0,-131.0,-377.0,246.0,3.901999
TAG,Caapiranga,Caapiranga,AM,Saída,Caapiranga,AM,1.5,15.0,34.0,50.0,15.0,0.0,0.0,0.0,
TAG,Cabo,Cabo,PE1,Saída,Cabo de Santo Agostinho,PE,380.0,1070.0,25.0,30.0,1070.0,1713.4,-484.6100000000001,2198.01,4.076333
TAG,Caboto,Caboto,BA5,Saída,Candeias,BA,120.0,1200.0,21.0,32.0,1200.0,494.8,156.8,338.0,3.832738
TAG,Cachoeiro do Itapemirim,Cacho Itap,ES1,Saída,Cachoeiro do Itapemirim,ES,50.0,500.0,34.0,44.0,500.0,-1481.0,-2516.91,1035.91,3.901999
TAG,Camaçari-Manati,Cama-Manat,BA3,Saída,Camaçari,BA,420.0,4200.0,21.0,24.0,4200.0,-46.0,-2745.0,2699.0,3.832738
TAG,Camaçari-Residual,Cama-Resid,BA3,Saída,Camaçari,BA,274.0,2700.0,21.0,36.0,3100.0,-46.0,-2745.0,2699.0,3.832738
TAG,Campos,Campos,RJ,Saída,Campos dos Goytacazes,RJ,50.0,500.0,34.0,44.0,500.0,0.0,-351.0,351.0,2.7438
TAG,Candeias-Manati,Cand-Manat,BA4,Saída,São Francisco do Conde,BA,20.0,200.0,22.0,30.0,200.0,203.9,-1609.1,1813.0,3.832738
TAG,Candeias-Residual,Cand-Resid,BA4,Saída,São Francisco do Conde,BA,40.0,400.0,22.0,33.0,400.0,203.9,-1609.1,1813.0,3.832738
TAG,Carmópolis II (SERGAS),Car SERGAS,SE,Saída,Rosário do Catete,SE,5.0,60.0,13.5,18.5,60.0,5697.0,4248.0,1449.0,3.904875
TAG,Carmópolis II (UO-SEAL),Carmo SEAL,SE,Saída,Rosário do Catete,SE,60.0,600.0,8.5,18.0,600.0,5697.0,4248.0,1449.0,3.904875
TAG,Catu,Catu,BA2,Saída,Pojuca,BA,20.0,200.0,25.0,33.0,200.0,112.8,70.8,42.0,3.832738
TAG,Caucaia,Caucaia,CE1,Saída,Caucaia,CE,4.0,45.0,14.0,20.0,45.0,21.9,-466.6,488.5,4.381511
TAG,Cexis,Cexis,BA3,Saída,Candeias,BA,3.0,30.0,22.0,37.0,30.0,-46.0,-2745.0,2699.0,3.832738
TAG,Coari,Coari,AM,Saída,Coari,AM,17.5,175.0,34.0,50.0,175.0,0.0,0.0,0.0,
TAG,Codajás,Codajás,AM,Saída,Codajás,AM,6.0,60.0,34.0,50.0,60.0,0.0,0.0,0.0,
TAG,Estação KM 370,KM370,CE2,Saída,Caucaia,CE,170.0,1700.0,50.0,100.0,1700.0,-3125.5,-3175.5,50.0,4.381511
TAG,Estância,Estância,SE,Saída,Estância,SE,10.0,90.0,30.0,45.0,90.0,5697.0,4248.0,1449.0,3.904875
TAG,Eunápolis,Eunápolis,BA1,Saída,Eunápolis,BA,50.0,500.0,33.0,44.0,500.0,-1639.0,-1922.0,283.0,3.832738
TAG,FAFEN-BA,FAFEN-BA,BA3,Saída,Camaçari,BA,200.0,2960.0,21.0,23.0,2960.0,-46.0,-2745.0,2699.0,3.832738
TAG,FAFEN-SE,FAFEN-SE,SE,Saída,Laranjeiras,SE,150.0,1500.0,23.0,31.5,1500.0,5697.0,4248.0,1449.0,3.904875
TAG,Fazenda Alvorada,FazenAlvor,BA2,Saída,Esplanada,BA,6.0,60.0,32.0,41.0,60.0,112.8,70.8,42.0,3.832738
TAG,Fazenda Belém,FazBelém,CE1,Saída,Aracati,CE,18.0,160.0,15.0,19.0,160.0,21.9,-466.6,488.5,4.381511
TAG,Fazenda Bálsamo,FazenBalsa,BA2,Saída,Esplanada,BA,3.0,30.0,31.0,41.0,30.0,112.8,70.8,42.0,3.832738
TAG,Fortaleza,Fortaleza,CE1,Saída,Maracanaú,CE,27.5,550.0,9.5,15.0,550.0,21.9,-466.6,488.5,4.381511
TAG,Goiana II,Goiana II,PE2,Saída,Goiana,PE,250.0,1000.0,35.5,40.0,1000.0,20.3,-829.7,850.0,4.076333
TAG,Goianinha,Goianinha,RN1,Saída,Goianinha,RN,7.0,70.0,30.0,43.0,70.0,92.7,-78.8,171.5,4.27274
TAG,Ielmo Marinho,IelmMarinh,RN1,Saída,Ielmo Marinho,RN,1.5,8.0,24.0,34.0,8.0,92.7,-78.8,171.5,4.27274
TAG,Igarassu,Igarassu,PE2,Saída,Igarassu,PE,47.0,129.0,25.0,30.0,129.0,20.3,-829.7,850.0,4.076333
TAG,Igarassu II,IgarassuII,PE2,Saída,Igarassu,PE,24.0,93.0,25.0,30.0,93.0,20.3,-829.7,850.0,4.076333
TAG,Iranduba,Iranduba,AM,Saída,Iranduba,AM,6.0,60.0,34.0,50.0,60.0,0.0,0.0,0.0,
TAG,Itabuna,Itabuna,BA1,Saída,Itabuna,BA,50.0,500.0,33.0,44.0,500.0,-1639.0,-1922.0,283.0,3.832738
TAG,Itaporanga,Itaporanga,SE,Saída,Itaporanga d`Ajuda,SE,3.5,35.0,30.0,45.0,35.0,5697.0,4248.0,1449.0,3.904875
TAG,Jaboatão,Jaboatão,PE2,Saída,Jaboatão dos Guararapes,PE,100.0,400.0,36.0,42.0,400.0,20.3,-829.7,850.0,4.076333
TAG,Linhares,Linhares,ES1,Saída,Linhares,ES,10.0,48.0,50.0,100.0,48.0,-1481.0,-2516.91,1035.91,3.901999
TAG,Macaíba,Macaíba,RN1,Saída,Macaíba,RN,150.0,1010.0,35.0,44.0,1010.0,92.7,-78.8,171.5,4.27274
TAG,Mamanguape,Mamanguape,PB,Saída,Mamanguape,PB,2.5,25.0,34.0,36.0,25.0,52.8,-52.2,105.0,4.136452
TAG,Manacapuru,Manacapuru,AM,Saída,Manacapuru,AM,17.5,175.0,34.0,50.0,175.0,0.0,0.0,0.0,
TAG,Manguinhos,Manguinhos,SE,Saída,Nossa Senhora do Socorro,SE,15.0,100.0,24.0,27.5,100.0,5697.0,4248.0,1449.0,3.904875
TAG,Mauá (PIEs),Mauá PIEs,AM,Saída,Manaus,AM,65.0,1075.0,16.0,23.0,1075.0,0.0,0.0,0.0,
TAG,Mossoró,Mossoró,RN3,Saída,Mossoró,RN,10.0,300.0,34.5,41.0,300.0,136.0,110.5,25.5,4.27274
TAG,Mucuri,Mucuri,BA1,Saída,Mucuri,BA,50.0,500.0,33.0,44.0,500.0,-1639.0,-1922.0,283.0,3.832738
TAG,PE Marechal Deodoro,Marechal D,AL,Saída,Pilar,AL,100.0,2600.0,66.0,100.0,2600.0,0.0,-86.01,86.01,3.974485
TAG,PE TECAB,PE TECAB,RJ,Saída,Macaé,RJ,3000.0,20000.0,60.0,100.0,20000.0,0.0,-351.0,351.0,2.7438
TAG,Pacajus,Pacajus,CE1,Saída,Horizonte,CE,75.0,225.0,10.0,13.0,225.0,21.9,-466.6,488.5,4.381511
TAG,Paulista,Paulista,PE2,Saída,Abreu e Lima,PE,42.0,202.0,25.0,30.0,202.0,20.3,-829.7,850.0,4.076333
TAG,Pecém,Pecém,CE2,Saída,São Gonçalo do Amarante,CE,9.0,90.0,14.0,19.0,90.0,-3125.5,-3175.5,50.0,4.381511
TAG,Pedras de Fogo,PedrasFogo,PB,Saída,Pedras de Fogo,PB,120.0,264.0,31.5,35.0,264.0,52.8,-52.2,105.0,4.136452
TAG,Penedo,Penedo,AL,Saída,Penedo,AL,5.0,50.0,34.0,45.0,50.0,0.0,-86.01,86.01,3.974485
TAG,REMAN,REMAN,AM,Saída,Manaus,AM,25.0,400.0,40.0,50.0,400.0,0.0,0.0,0.0,
TAG,RLAM 14,RLAM 14,BA4,Saída,São Francisco do Conde,BA,240.0,2400.0,23.0,38.0,2400.0,203.9,-1609.1,1813.0,3.832738
TAG,RLAM 6,RLAM 6,BA4,Saída,São Francisco do Conde,BA,40.0,400.0,23.0,38.0,400.0,203.9,-1609.1,1813.0,3.832738
TAG,RNEST,RNEST,PE1,Saída,Ipojuca,PE,350.0,2800.0,32.5,36.8,2800.0,1713.4,-484.6100000000001,2198.01,4.076333
TAG,Recife,Recife,PE2,Saída,São Lourenço da Mata,PE,96.0,389.0,25.0,30.0,389.0,20.3,-829.7,850.0,4.076333
TAG,Rio Largo,Rio Largo,AL,Saída,Rio Largo,AL,40.0,230.0,37.0,40.0,400.0,0.0,-86.01,86.01,3.974485
TAG,Santa Rita - Campina Grande,SR-CG,PB,Saída,Santa Rita,PB,20.0,200.0,35.0,44.0,200.0,52.8,-52.2,105.0,4.136452
TAG,Santa Rita - João Pessoa,SR-JP,PB,Saída,Santa Rita,PB,50.0,375.0,26.0,33.0,375.0,52.8,-52.2,105.0,4.136452
TAG,Socorro,Socorro,SE,Saída,Nossa Senhora do Socorro,SE,15.0,200.0,25.0,27.5,200.0,5697.0,4248.0,1449.0,3.904875
TAG,Suape,Suape,PE1,Saída,Ipojuca,PE,250.0,1200.0,25.0,30.0,1200.0,1713.4,-484.6100000000001,2198.01,4.076333
TAG,São Mateus,São Mateus,ES1,Saída,São Mateus,ES,30.0,280.0,48.5,100.0,280.0,-1481.0,-2516.91,1035.91,3.901999
TAG,São Miguel dos Campos,SMC,AL,Saída,São Miguel dos Campos,AL,5.0,50.0,34.0,45.0,50.0,0.0,-86.01,86.01,3.974485
TAG,Termoaçu,Termoaçu,RN2,Saída,Alto do Rodrigues,RN,250.0,2500.0,31.0,42.0,2500.0,509.0,-341.0,850.0,4.27274
TAG,Termobahia,Termobahia,BA4,Saída,São Francisco do Conde,BA,150.0,1500.0,23.0,51.0,1500.0,203.9,-1609.1,1813.0,3.832738
TAG,Termofortaleza,TermoForta,CE2,Saída,Caucaia,CE,216.0,1705.0,33.0,42.0,1705.0,-3125.5,-3175.5,50.0,4.381511
TAG,Termopernambuco,TermoPerna,PE1,Saída,Ipojuca,PE,275.0,2600.0,33.0,38.0,2600.0,1713.4,-484.6100000000001,2198.01,4.076333
TAG,UPGN Candeias,UPGN-Cande,BA4,Saída,São Francisco do Conde,BA,150.0,1500.0,34.0,38.0,1500.0,203.9,-1609.1,1813.0,3.832738
TAG,UTE Aparecida,UTE Aparec,AM,Saída,Manaus,AM,100.0,1200.0,45.4,60.0,1200.0,0.0,0.0,0.0,
TAG,UTE CHESF,UTE CHESF,BA3,Saída,Camaçari,BA,310.0,3100.0,21.0,27.0,3100.0,-46.0,-2745.0,2699.0,3.832738
TAG,UTE José de Alencar,UTE-JdA,CE2,Saída,Caucaia,CE,250.0,2500.0,34.0,51.0,1800.0,-3125.5,-3175.5,50.0,4.381511
TAG,UTE Linhares,UTE Linhar,ES1,Saída,Linhares,ES,130.0,1300.0,34.0,51.0,1300.0,-1481.0,-2516.91,1035.91,3.901999
TAG,UTE Mauá,UTE Mauá,AM,Saída,Manaus,AM,200.0,2125.0,36.0,50.0,2125.0,0.0,0.0,0.0,
TAG,VB-10,VB-10,ES3,Saída,Serra,ES,45.0,750.0,25.0,51.0,750.0,-131.0,-377.0,246.0,3.901999
TAG,Vale,Vale,ES2,Saída,Vitória,ES,170.0,1700.0,9.0,13.0,1700.0,-2104.5,-2960.23,855.73,3.901999
TAG,Veracel,Veracel,BA1,Saída,Eunápolis,BA,50.0,500.0,30.0,44.0,500.0,-1639.0,-1922.0,283.0,3.832738
TAG,Viana,Viana,ES1,Saída,Viana,ES,50.0,500.0,34.0,44.0,500.0,-1481.0,-2516.91,1035.91,3.901999
TAG,Vitória,Vitória,ES2,Saída,Vitória,ES,400.0,4000.0,25.0,42.0,4000.0,-2104.5,-2960.23,855.73,3.901999
TAG,Águas Claras,AguasClara,SE,Saída,Estância,SE,5.0,45.0,30.0,45.0,45.0,5697.0,4248.0,1449.0,3.904875
TBG,EMED CORUMBÁ,CBA,CBA,Entrada,Corumbá,MS,2000.0,40000.0,55.0,100.0,40000.0,30144.0,18864.85,11279.15,6.7634
TBG,EMED GASCAR,GSC,GSC,Entrada,Paulínia,SP,500.0,15000.0,55.0,100.0,15000.0,15000.0,0.0,15000.0,0.1958
TBG,Ponto de Entrada Garuva,GAR,GAR,Entrada,Garuva,SC,1.5,5.0,55.0,75.0,5.0,5000.0,5000.0,0.0,4.6061000000000005
TBG,Americana,AMR,SP2,Saída,Americana,SP,96.0,1800.0,31.5,36.8,1800.0,8711.5,775.45,7936.05,1.9266
TBG,Araricá,ARA,RS1,Saída,Araricá,RS,23.2,432.5,21.6,25.2,432.5,2409.0,0.0,2409.0,3.5066
TBG,Araucária - CIC,CIC,PR1,Saída,Araucária,PR,96.0,1800.0,31.5,36.8,1800.0,5081.0,0.0,5081.0,2.662
TBG,Araucária - UTE,ATE,PR1,Saída,Araucária,PR,96.0,2500.0,34.2,39.9,2500.0,5081.0,0.0,5081.0,2.662
TBG,Araçoiaba da Serra,AÇB,SP4,Saída,Araçoiaba da Serra,SP,23.2,432.5,31.5,36.8,432.5,557.0,443.0,114.0,1.9972
TBG,Bilac,BLC,SP1,Saída,Bilac,SP,23.2,432.5,31.5,36.8,432.5,1500.0,911.39,588.61,1.914
TBG,Boa  Esperança do Sul,BSP,SP1,Saída,Boa  Esperança do Sul,SP,96.0,1800.0,31.5,36.8,1800.0,1500.0,911.39,588.61,1.914
TBG,Brusque,BRQ,SC1,Saída,Brusque,SC,13.6,255.0,31.5,36.8,255.0,547.65,360.05,187.6,2.7391
TBG,Cachoeirinha,CCH,RS1,Saída,Cachoeirinha,RS,39.6,990.0,21.6,25.2,990.0,2409.0,0.0,2409.0,3.5066
TBG,Campinas,CMP,SP3,Saída,Campinas,SP,96.0,1800.0,31.5,36.8,1800.0,1586.0,62.24,1523.76,1.9197
TBG,Campo Grande,CGR,MS1,Saída,Campo Grande,MS,96.0,1800.0,31.5,36.8,1800.0,3905.0,2118.99,1786.01,1.9543
TBG,Campo Largo,CLG,PR1,Saída,Campo Largo,PR,23.2,432.5,31.5,36.8,432.5,5081.0,0.0,5081.0,2.662
TBG,Canoas,CAN,RS1,Saída,Canoas,RS,96.0,1800.0,25.2,29.4,1800.0,2409.0,0.0,2409.0,3.5066
TBG,Canoas-UTE,CTE,RS1,Saída,Canoas,RS,192.0,3600.0,31.5,36.8,3600.0,2409.0,0.0,2409.0,3.5066
TBG,Corumbá,CBA,MS1,Saída,Corumbá,MS,39.6,990.0,31.5,36.8,990.0,3905.0,2118.99,1786.01,1.9543
TBG,EMED GUARAREMA,EGR,GRM,Saída,Guararema,SP,160.0,15000.0,55.0,75.0,15000.0,5500.0,3904.0,1596.0,0.1846
TBG,EMED JACUTINGA,JCT,JCT,Saída,Paulínia,SP,10.0,1200.0,55.0,100.0,1200.0,500.0,326.5,173.5,0.1846
TBG,Gaspar,GSP,SC1,Saída,Gaspar,SC,39.6,990.0,31.5,36.8,990.0,547.65,360.05,187.6,2.7391
TBG,Gemini,GEM,SP3,Saída,Paulínia,SP,39.6,990.0,55.0,100.0,990.0,1586.0,62.24,1523.76,1.9197
TBG,Guaiçara,GUA,SP1,Saída,Guaiçara,SP,39.6,990.0,31.5,36.8,990.0,1500.0,911.39,588.61,1.914
TBG,Guaramirim,GMN,SC1,Saída,Guaramirim,SC,39.6,990.0,31.5,36.8,990.0,547.65,360.05,187.6,2.7391
TBG,Guararema,GRM,SP2,Saída,Guararema,SP,96.0,1800.0,31.5,36.8,1800.0,8711.5,775.45,7936.05,1.9266
TBG,Iacanga,IAC,SP1,Saída,Iacanga,SP,39.6,990.0,31.5,36.8,990.0,1500.0,911.39,588.61,1.914
TBG,Ibitinga,IBT,SP1,Saída,Ibitinga,SP,39.6,990.0,31.5,36.8,990.0,1500.0,911.39,588.61,1.914
TBG,Igrejinha,IGR,RS1,Saída,Igrejinha,RS,4.5,112.0,16.2,18.9,112.0,2409.0,0.0,2409.0,3.5066
TBG,Indaiatuba,INT,SP3,Saída,Indaiatuba,SP,23.2,432.5,31.5,36.8,432.5,1586.0,62.24,1523.76,1.9197
TBG,Itapetininga,ITN,SP4,Saída,Itapetininga,SP,39.6,990.0,31.5,36.8,990.0,557.0,443.0,114.0,1.9972
TBG,Itatiba,ITA,SP2,Saída,Itatiba,SP,96.0,1800.0,31.5,36.8,1800.0,8711.5,775.45,7936.05,1.9266
TBG,Itirapina,ITR,SP2,Saída,Itirapina,SP,4.5,112.0,31.5,36.8,112.0,8711.5,775.45,7936.05,1.9266
TBG,Itu,ITU,SP4,Saída,Itu,SP,192.0,3600.0,31.5,36.8,3600.0,557.0,443.0,114.0,1.9972
TBG,Jaguariúna,JGN,SP2,Saída,Jaguariúna,SP,192.0,3600.0,31.5,36.8,3600.0,8711.5,775.45,7936.05,1.9266
TBG,Joinville,JVL,SC1,Saída,Joinville,SC,13.6,255.0,31.5,36.8,255.0,547.65,360.05,187.6,2.7391
TBG,Limeira,LMR,SP2,Saída,Limeira,SP,96.0,1800.0,31.5,36.8,1800.0,8711.5,775.45,7936.05,1.9266
TBG,Nova Veneza,NVZ,SC2,Saída,Nova Veneza,SC,23.2,432.5,31.5,36.8,432.5,2190.35,719.35,1471.0,2.7391
TBG,Porto Feliz,PFZ,SP4,Saída,Porto Feliz,SP,96.0,1800.0,31.5,36.8,1800.0,557.0,443.0,114.0,1.9972
TBG,REFAP,RFP,RS1,Saída,Canoas,RS,39.6,990.0,25.2,29.4,990.0,2409.0,0.0,2409.0,3.5066
TBG,Repar,RPR,PR1,Saída,Araucária,PR,192.0,3600.0,36.0,42.0,3600.0,5081.0,0.0,5081.0,2.662
TBG,Rio Claro,RCL,SP2,Saída,Rio Claro,SP,96.0,1800.0,31.5,36.8,1800.0,8711.5,775.45,7936.05,1.9266
TBG,Sumaré,SMR,SP3,Saída,Sumaré,SP,39.6,990.0,31.5,36.8,990.0,1586.0,62.24,1523.76,1.9197
TBG,São Carlos,SCA,SP1,Saída,São Carlos,SP,39.6,990.0,31.5,36.8,990.0,1500.0,911.39,588.61,1.914
TBG,São Pedro de Alcântara,SPA,SC2,Saída,São Pedro de Alcântara,SC,23.2,432.5,31.5,36.8,432.5,2190.35,719.35,1471.0,2.7391
TBG,Tijucas,TJC,SC1,Saída,Tijucas,SC,23.2,432.5,31.5,36.8,432.5,547.65,360.05,187.6,2.7391
TBG,Três Lagoas,TLG,MS1,Saída,Três Lagoas,MS,192.0,3600.0,45.0,52.5,3600.0,3905.0,2118.99,1786.01,1.9543
TBG,Três Lagoas UFN-III,UFN,MS1,Saída,Três Lagoas,MS,192.0,3600.0,45.0,52.5,3600.0,3905.0,2118.99,1786.01,1.9543
TBG,Tubarão,TBR,SC2,Saída,Tubarão,SC,13.6,255.0,31.5,36.8,255.0,2190.35,719.35,1471.0,2.7391
TBG,Urussanga,URS,SC2,Saída,Urussanga,SC,23.2,432.5,31.5,36.8,432.5,2190.35,719.35,1471.0,2.7391
TBG,Valparaiso,VLP,SP1,Saída,Valparaiso,SP,13.6,255.0,31.5,36.8,255.0,1500.0,911.39,588.61,1.914
TBG,Várzea do Cedro,VZC,RS1,Saída,Várzea do Cedro,RS,23.2,432.5,21.6,25.2,432.5,2409.0,0.0,2409.0,3.5066
